timestamp_utc,timestamp_et,session,ticker,price,iv_b,mcap_b,discount_pct
2026-05-25T23:12:33+00:00,2026-05-25 19:12:33 EDT,manual,MS,201.03,,317.081583616,
2026-05-25T23:12:33+00:00,2026-05-25 19:12:33 EDT,manual,SCHW,90.15,,156.783067136,
2026-05-25T23:12:33+00:00,2026-05-25 19:12:33 EDT,manual,O,62.02,15.314062554796239,57.833189376,-0.7352028701852752
2026-05-25T23:12:33+00:00,2026-05-25 19:12:33 EDT,manual,PLD,145.9,37.11405561150164,136.028102656,-0.7271589113805478
2026-05-25T23:12:33+00:00,2026-05-25 19:12:33 EDT,manual,BAC,51.8,,367.60338432,
2026-05-25T23:12:33+00:00,2026-05-25 19:12:33 EDT,manual,VRSN,310.0,7.057603021176338,28.209999872,-0.7498191048139138
2026-05-25T23:12:33+00:00,2026-05-25 19:12:33 EDT,manual,COF,187.79,,116.860362752,
2026-05-25T23:12:33+00:00,2026-05-25 19:12:33 EDT,manual,ESS,276.7,9.779628120294822,19.071879168,-0.4872226258278891
2026-05-25T23:12:33+00:00,2026-05-25 19:12:33 EDT,manual,REG,78.84,4.4480980854997405,14.737952768,-0.6981875192898066
2026-05-25T23:12:33+00:00,2026-05-25 19:12:33 EDT,manual,V,328.88,295.43309485801774,625.445502976,-0.5276437460141842
2026-05-25T23:12:33+00:00,2026-05-25 19:12:33 EDT,manual,EXR,143.3,8.115082604880014,31.625439232,-0.7434001613274412
2026-05-25T23:12:33+00:00,2026-05-25 19:12:33 EDT,manual,GS,996.73,,294.042730496,
2026-05-25T23:12:33+00:00,2026-05-25 19:12:33 EDT,manual,SYF,71.83,,24.16147456,
2026-05-25T23:12:33+00:00,2026-05-25 19:12:33 EDT,manual,SPG,204.41,24.638671358739824,77.671636992,-0.6827841885027149
2026-05-25T23:12:33+00:00,2026-05-25 19:12:33 EDT,manual,AVB,185.65,11.295970220752391,26.338547712,-0.5711240291504045
2026-05-25T23:12:33+00:00,2026-05-25 19:12:33 EDT,manual,PSA,305.25,13.647253650744595,53.585338368,-0.7453173934067301
2026-05-25T23:12:33+00:00,2026-05-25 19:12:33 EDT,manual,KIM,24.11,4.80241444761559,16.25953792,-0.7046401643611044
2026-05-25T23:12:33+00:00,2026-05-25 19:12:33 EDT,manual,CME,291.23,43.30750010024485,105.228025856,-0.5884413895637528
2026-05-25T23:12:33+00:00,2026-05-25 19:12:33 EDT,manual,MAA,131.14,6.7316851126789405,15.648495616,-0.5698190242775769
2026-05-25T23:12:33+00:00,2026-05-25 19:12:33 EDT,manual,STT,153.95,,42.608283648,
2026-05-25T23:12:33+00:00,2026-05-25 19:12:33 EDT,manual,DLR,192.03,46.445553976089606,68.688953344,-0.32382789786464783
2026-05-25T23:12:33+00:00,2026-05-25 19:12:33 EDT,manual,EQR,66.2,11.429402604139824,25.578090496,-0.5531565342640727
2026-05-25T23:12:33+00:00,2026-05-25 19:12:33 EDT,manual,KEY,21.56,,23.375904768,
2026-05-25T23:12:33+00:00,2026-05-25 19:12:33 EDT,manual,MKTX,137.13,,4.873525248,
2026-05-25T23:12:33+00:00,2026-05-25 19:12:33 EDT,manual,ARE,48.37,8.08314909391232,8.4294144,-0.04107821607248071
2026-05-25T23:12:33+00:00,2026-05-25 19:12:33 EDT,manual,BIIB,193.76,17.978016396596377,28.60616704,-0.37153354479620704
2026-05-25T23:12:33+00:00,2026-05-25 19:12:33 EDT,manual,MA,498.54,227.10376998143,440.501895168,-0.484443148888573
2026-05-25T23:12:33+00:00,2026-05-25 19:12:33 EDT,manual,RF,27.83,,23.749552128,
2026-05-25T23:12:33+00:00,2026-05-25 19:12:33 EDT,manual,MSCI,588.55,16.797541751413693,42.803822592,-0.6075691203674614
2026-05-25T23:12:33+00:00,2026-05-25 19:12:33 EDT,manual,AVGO,414.14,272.4781577837839,1960.815624192,-0.8610383585167194
2026-05-25T23:12:33+00:00,2026-05-25 19:12:33 EDT,manual,PNC,219.23,,88.035016704,
2026-05-25T23:12:33+00:00,2026-05-25 19:12:33 EDT,manual,SBAC,205.57,,21.803374592,
2026-05-25T23:12:33+00:00,2026-05-25 19:12:33 EDT,manual,TXN,309.21,14.43425543157827,281.40978176,-0.9487073429313537
2026-05-25T23:12:33+00:00,2026-05-25 19:12:33 EDT,manual,BXP,60.29,7.2065052117351645,10.750396416,-0.3296521418494299
2026-05-25T23:12:33+00:00,2026-05-25 19:12:33 EDT,manual,SPGI,417.6,66.28147431978073,123.609604096,-0.4637837827851631
2026-05-25T23:12:33+00:00,2026-05-25 19:12:33 EDT,manual,NVDA,215.33,513.4169726351145,5215.507972096,-0.9015595459959036
2026-05-25T23:12:33+00:00,2026-05-25 19:12:33 EDT,manual,UDR,38.01,8.883377529543157,14.083299328,-0.3692261079844062
2026-05-25T23:12:33+00:00,2026-05-25 19:12:33 EDT,manual,ABBV,215.7,290.3412107298202,381.097213952,-0.23814396930650536
2026-05-25T23:12:33+00:00,2026-05-25 19:12:33 EDT,manual,MO,73.9,82.40890412339951,123.404959744,-0.3322075199055663
2026-05-25T23:12:33+00:00,2026-05-25 19:12:33 EDT,manual,AXP,311.78,,212.735737856,
2026-05-25T23:12:33+00:00,2026-05-25 19:12:33 EDT,manual,NTRS,167.77,,31.045380096,
2026-05-25T23:12:33+00:00,2026-05-25 19:12:33 EDT,manual,GILD,134.36,77.69237764674011,166.817333248,-0.5342667567330173
2026-05-25T23:12:33+00:00,2026-05-25 19:12:33 EDT,manual,ADBE,244.76,106.78665684773647,98.931990528,0.07939460510009062
2026-05-25T23:12:33+00:00,2026-05-25 19:12:33 EDT,manual,AMGN,339.3,79.98420728551243,183.123017728,-0.5632214438257227
2026-05-25T23:12:33+00:00,2026-05-25 19:12:33 EDT,manual,AMT,183.85,47.89655679179522,85.654437888,-0.44081640166241265
2026-05-25T23:12:33+00:00,2026-05-25 19:12:33 EDT,manual,ICE,152.97,51.90257610093593,86.506446848,-0.4000149353939636
2026-05-25T23:12:33+00:00,2026-05-25 19:12:33 EDT,manual,VRTX,434.52,26.85935301812348,110.28353024,-0.7564518205060002
2026-05-25T23:12:33+00:00,2026-05-25 19:12:33 EDT,manual,MTB,213.18,,31.219154944,
2026-05-25T23:12:33+00:00,2026-05-25 19:12:33 EDT,manual,ADI,397.07,42.1990101183121,193.407647744,-0.7818131257448107
2026-05-25T23:12:33+00:00,2026-05-25 19:12:33 EDT,manual,MCO,449.12,25.677924250669488,78.450679808,-0.6726870396341551
2026-05-25T23:12:33+00:00,2026-05-25 19:12:33 EDT,manual,FTNT,133.93,23.716484754302822,98.123595776,-0.7582998812187473
2026-05-25T23:12:33+00:00,2026-05-25 19:12:33 EDT,manual,EA,200.97,31.5779844939864,50.393526272,-0.37337220016032147
2026-05-25T23:12:33+00:00,2026-05-25 19:12:33 EDT,manual,HBAN,15.92,,32.271919104,
2026-05-25T23:12:33+00:00,2026-05-25 19:12:33 EDT,manual,ORCL,192.08,,552.430927872,
2026-05-25T23:12:33+00:00,2026-05-25 19:12:33 EDT,manual,PM,188.99,102.06637114838702,294.55204352,-0.6534861210648611
2026-05-25T23:12:33+00:00,2026-05-25 19:12:33 EDT,manual,PRU,104.12,195.10563788439393,36.163493888,4.395099225994176
2026-05-25T23:12:33+00:00,2026-05-25 19:12:33 EDT,manual,MSFT,418.57,491.7106434553066,3109.32013056,-0.8418591129866233
2026-05-25T23:12:33+00:00,2026-05-25 19:12:33 EDT,manual,BKNG,161.06,108.32333146796793,124.80192512,-0.13203797646700977
2026-05-25T23:12:33+00:00,2026-05-25 19:12:33 EDT,manual,INTU,319.94,57.389101735461196,87.51542272,-0.3442401356035958
2026-05-25T23:12:33+00:00,2026-05-25 19:12:33 EDT,manual,WELL,216.17,37.67938904071416,152.597528576,-0.7530799522618202
2026-05-25T23:12:33+00:00,2026-05-25 19:12:33 EDT,manual,INCY,97.16,8.76474386681022,19.410835456,-0.5484612763485671
2026-05-25T23:12:33+00:00,2026-05-25 19:12:33 EDT,manual,GL,156.28,15.963562391372534,12.1343232,0.31557089161532575
2026-05-25T23:12:33+00:00,2026-05-25 19:12:33 EDT,manual,CSCO,120.41,135.78254318235912,474.588151808,-0.7138939464352843
2026-05-25T23:12:33+00:00,2026-05-25 19:12:33 EDT,manual,QCOM,238.16,48.159687417763465,251.020640256,-0.8081445120662251
2026-05-25T23:12:33+00:00,2026-05-25 19:12:33 EDT,manual,TTWO,227.55,15.544487970294387,42.187771904,-0.6315404376968164
2026-05-25T23:12:33+00:00,2026-05-25 19:12:33 EDT,manual,PAYX,97.0,,34.754215936,
2026-05-25T23:12:33+00:00,2026-05-25 19:12:33 EDT,manual,MCHP,93.43,11.915192925503236,50.646470656,-0.7647379418314578
2026-05-25T23:12:33+00:00,2026-05-25 19:12:33 EDT,manual,VRSK,171.11,8.56839000138395,22.419146752,-0.6178092727538987
2026-05-25T23:12:33+00:00,2026-05-25 19:12:33 EDT,manual,CDNS,373.59,18.79737092862643,103.042097152,-0.8175758117490761
2026-05-25T23:12:33+00:00,2026-05-25 19:12:33 EDT,manual,BMY,59.46,87.18944725496057,121.421553664,-0.28192775809612153
2026-05-25T23:12:33+00:00,2026-05-25 19:12:33 EDT,manual,MCD,282.27,48.5188619259084,200.554479616,-0.7580763988976609
2026-05-25T23:12:33+00:00,2026-05-25 19:12:33 EDT,manual,CSX,45.52,9.5020097296748,84.58248192,-0.8876598379004531
2026-05-25T23:12:33+00:00,2026-05-25 19:12:33 EDT,manual,ISRG,438.1,34.09372091415281,155.158740992,-0.7802655480691824
2026-05-25T23:12:33+00:00,2026-05-25 19:12:33 EDT,manual,ROP,326.94,23.169761482110722,32.993921024,-0.29775665446804944
2026-05-25T23:12:33+00:00,2026-05-25 19:12:33 EDT,manual,FFIV,393.63,8.885806516065783,22.208309248,-0.5998882032468993
2026-05-25T23:12:33+00:00,2026-05-25 19:12:33 EDT,manual,NOW,102.13,63.989550236618,105.327484928,-0.3924705381471881
2026-05-25T23:12:33+00:00,2026-05-25 19:12:33 EDT,manual,REGN,638.88,41.44193922124713,66.979561472,-0.381274849961933
2026-05-25T23:12:33+00:00,2026-05-25 19:12:33 EDT,manual,ALGN,163.61,6.041706970851351,11.717441536,-0.4843834336796856
2026-05-25T23:12:33+00:00,2026-05-25 19:12:33 EDT,manual,SWKS,82.42,4.255763930379841,12.396460032,-0.6566952243306486
2026-05-25T23:12:33+00:00,2026-05-25 19:12:33 EDT,manual,AFL,117.86,85.18767306716869,59.988959232,0.4200558595743549
2026-05-25T23:12:33+00:00,2026-05-25 19:12:33 EDT,manual,JNJ,234.34,165.11553511639727,564.107214848,-0.7072976009340919
2026-05-25T23:12:33+00:00,2026-05-25 19:12:33 EDT,manual,LRCX,305.35,53.22737141870567,381.861855232,-0.8606109233236522
2026-05-25T23:12:33+00:00,2026-05-25 19:12:33 EDT,manual,QRVO,106.43,3.231377633705881,9.367294976,-0.6550362039430794
2026-05-25T23:12:33+00:00,2026-05-25 19:12:33 EDT,manual,AAPL,308.82,1433.8271696623424,4535.74918144,-0.6838830560716468
2026-05-25T23:12:33+00:00,2026-05-25 19:12:33 EDT,manual,CF,121.7,16.198755786670297,18.69668352,-0.13360271786478328
2026-05-25T23:12:33+00:00,2026-05-25 19:12:33 EDT,manual,MNST,86.79,25.198874634059614,84.88132608,-0.7031281696717383
2026-05-25T23:12:33+00:00,2026-05-25 19:12:33 EDT,manual,EBAY,115.75,14.248602362140835,51.392999424,-0.7227520767062511
2026-05-25T23:12:33+00:00,2026-05-25 19:12:33 EDT,manual,UNP,265.88,34.45818736631268,157.856464896,-0.7817119027148198
2026-05-25T23:12:33+00:00,2026-05-25 19:12:33 EDT,manual,KLAC,1888.38,33.02786472348325,246.67439104,-0.8661074439700247
2026-05-25T23:12:33+00:00,2026-05-25 19:12:33 EDT,manual,TROW,103.39,20.23515534154841,22.153023488,-0.08657365201144994
2026-05-25T23:12:33+00:00,2026-05-25 19:12:33 EDT,manual,KO,81.48,51.7304069151938,350.566285312,-0.8524375871765469
2026-05-25T23:12:33+00:00,2026-05-25 19:12:33 EDT,manual,CFG,62.89,,26.595045376,
2026-05-25T23:12:33+00:00,2026-05-25 19:12:33 EDT,manual,PYPL,44.23,48.899196565012566,39.0155264,0.2533265875662405
2026-05-25T23:12:33+00:00,2026-05-25 19:12:33 EDT,manual,CRM,180.07,186.67246048855955,147.306938368,0.2672346771760145
2026-05-25T23:12:33+00:00,2026-05-25 19:12:33 EDT,manual,MDT,78.6,51.61040281478912,100.9133568,-0.4885671783064785
2026-05-25T23:12:33+00:00,2026-05-25 19:12:33 EDT,manual,MRK,122.41,132.67265558482012,302.331232256,-0.5611678800274293
2026-05-25T23:12:33+00:00,2026-05-25 19:12:33 EDT,manual,SNPS,524.74,38.13953096261045,100.520255488,-0.6205786507659294
2026-05-25T23:12:33+00:00,2026-05-25 19:12:33 EDT,manual,USB,54.83,,85.112602624,
2026-05-25T23:12:33+00:00,2026-05-25 19:12:33 EDT,manual,ZTS,81.32,16.027015707863477,34.091630592,-0.5298841554494491
2026-05-25T23:12:33+00:00,2026-05-25 19:12:33 EDT,manual,EW,85.78,14.968225620391491,49.392123904,-0.6969511647346006
2026-05-25T23:12:33+00:00,2026-05-25 19:12:33 EDT,manual,FITB,49.48,,44.844294144,
2026-05-25T23:12:33+00:00,2026-05-25 19:12:33 EDT,manual,MSI,404.08,19.61764391998537,67.075493888,-0.7075288934474022
2026-05-25T23:12:33+00:00,2026-05-25 19:12:33 EDT,manual,YUM,155.15,13.570089851963905,42.76262912,-0.6826647441651991
2026-05-25T23:12:33+00:00,2026-05-25 19:12:33 EDT,manual,AMAT,432.16,36.656164416275956,343.11749632,-0.8931673120449402
2026-05-25T23:12:33+00:00,2026-05-25 19:12:33 EDT,manual,MET,84.06,,54.087294976,
2026-05-25T23:12:33+00:00,2026-05-25 19:12:33 EDT,manual,WAT,342.37,,33.615890432,
2026-05-25T23:12:33+00:00,2026-05-25 19:12:33 EDT,manual,AME,224.52,12.468109062831974,51.460661248,-0.7577157238080273
2026-05-25T23:12:33+00:00,2026-05-25 19:12:33 EDT,manual,NDAQ,91.01,21.747635972828427,51.469869056,-0.5774685972259485
2026-05-25T23:12:33+00:00,2026-05-25 19:12:33 EDT,manual,PFE,25.9,125.66665494364807,147.615596544,-0.14868985469167262
2026-05-25T23:12:33+00:00,2026-05-25 19:12:33 EDT,manual,IEX,208.78,4.466457950764692,15.452863488,-0.7109624404413368
2026-05-25T23:12:33+00:00,2026-05-25 19:12:33 EDT,manual,ITW,252.2,14.358651383726256,72.55793664,-0.8021077769208425
2026-05-25T23:12:33+00:00,2026-05-25 19:12:33 EDT,manual,KEYS,346.56,17.377804793355796,59.171131392,-0.706312784891159
2026-05-25T23:12:33+00:00,2026-05-25 19:12:33 EDT,manual,KMI,33.79,35.265390970588754,75.176869888,-0.5309010467830353
2026-05-25T23:12:33+00:00,2026-05-25 19:12:33 EDT,manual,WMB,78.47,,95.968673792,
2026-05-25T23:12:33+00:00,2026-05-25 19:12:33 EDT,manual,STZ,149.5,11.389564595561309,25.74758912,-0.5576453957503067
2026-05-25T23:12:33+00:00,2026-05-25 19:12:33 EDT,manual,CB,327.89,199.87558154815648,127.175450624,0.5716522376562888
2026-05-25T23:12:33+00:00,2026-05-25 19:12:33 EDT,manual,DHR,172.0,43.272416653279805,121.736544256,-0.644540454817888
2026-05-25T23:12:33+00:00,2026-05-25 19:12:33 EDT,manual,PG,144.44,141.94895977645817,336.342843392,-0.5779634900362074
2026-05-25T23:12:33+00:00,2026-05-25 19:12:33 EDT,manual,BLK,1073.0,106.3785824600669,166.566068224,-0.3613430178527854
2026-05-25T23:12:33+00:00,2026-05-25 19:12:33 EDT,manual,CHD,96.25,8.39006992651182,22.80582144,-0.6321084093118366
2026-05-25T23:12:33+00:00,2026-05-25 19:12:33 EDT,manual,HSY,194.78,19.554982493309637,39.50983168,-0.50506034417736
2026-05-25T23:12:33+00:00,2026-05-25 19:12:33 EDT,manual,LNT,73.95,,19.09958656,
2026-05-25T23:12:33+00:00,2026-05-25 19:12:33 EDT,manual,CL,90.61,37.63005216289504,72.505155584,-0.48100170450225177
2026-05-25T23:12:33+00:00,2026-05-25 19:12:33 EDT,manual,TDG,1213.51,29.213615347991468,67.87596288,-0.5696029329316608
2026-05-25T23:12:33+00:00,2026-05-25 19:12:33 EDT,manual,GOOG,379.38,472.6517594190156,4596.35687424,-0.8971681763729089
2026-05-25T23:12:33+00:00,2026-05-25 19:12:33 EDT,manual,GOOGL,382.97,472.6517594190156,4639.851282432,-0.8981321316895156
2026-05-25T23:12:33+00:00,2026-05-25 19:12:33 EDT,manual,PAYC,137.8,2.700313512769839,6.425213952,-0.5797317361036199
2026-05-25T23:12:33+00:00,2026-05-25 19:12:33 EDT,manual,AKAM,147.23,6.197894735541848,21.405100032,-0.710447756549786
2026-05-25T23:12:33+00:00,2026-05-25 19:12:33 EDT,manual,CE,52.39,7.643438057978024,5.745220096,0.33039951999395506
2026-05-25T23:12:33+00:00,2026-05-25 19:12:33 EDT,manual,MTD,1103.09,6.409040581804297,22.29080064,-0.7124804673770436
2026-05-25T23:12:33+00:00,2026-05-25 19:12:33 EDT,manual,NTAP,139.36,10.304598765720195,27.601690624,-0.6266678405285717
2026-05-25T23:12:33+00:00,2026-05-25 19:12:33 EDT,manual,HON,227.92,32.31564767066047,144.422223872,-0.7762418635839488
2026-05-25T23:12:33+00:00,2026-05-25 19:12:33 EDT,manual,NSC,314.53,10.193942717533053,70.641549312,-0.8556948026081671
2026-05-25T23:12:33+00:00,2026-05-25 19:12:33 EDT,manual,TRV,306.46,129.3806808229352,65.167089664,0.9853684043589944
2026-05-25T23:12:33+00:00,2026-05-25 19:12:33 EDT,manual,FOX,57.24,10.33028099652007,24.051464192,-0.5704926355395806
2026-05-25T23:12:33+00:00,2026-05-25 19:12:33 EDT,manual,FOXA,63.98,10.33028099652007,26.883520512,-0.6157392781979971
2026-05-25T23:12:33+00:00,2026-05-25 19:12:33 EDT,manual,IVZ,27.05,12.382495642034815,11.991174144,0.03263412684491948
2026-05-25T23:12:33+00:00,2026-05-25 19:12:33 EDT,manual,BDX,147.63,42.73452284419499,40.67803136,0.05055533454888887
2026-05-25T23:12:33+00:00,2026-05-25 19:12:33 EDT,manual,IP,31.29,24.32581561254975,16.56858624,0.46818897280579036
2026-05-25T23:12:33+00:00,2026-05-25 19:12:33 EDT,manual,T,25.26,81.2834753422176,175.515041792,-0.5368859870224382
2026-05-25T23:12:33+00:00,2026-05-25 19:12:33 EDT,manual,ROK,452.29,9.091459684871237,50.328096768,-0.8193561793766888
2026-05-25T23:12:33+00:00,2026-05-25 19:12:33 EDT,manual,HOLX,76.01,8.512591389358983,16.968846336,-0.49834000374561566
2026-05-25T23:12:33+00:00,2026-05-25 19:12:33 EDT,manual,TMO,448.28,56.48769643156855,166.590480384,-0.6609188214034717
2026-05-25T23:12:33+00:00,2026-05-25 19:12:33 EDT,manual,LLY,1065.0,129.21773594556544,949.704589312,-0.8639390212495704
2026-05-25T23:12:33+00:00,2026-05-25 19:12:33 EDT,manual,ADP,225.31,42.318371158532145,90.064125952,-0.5301306628891744
2026-05-25T23:12:33+00:00,2026-05-25 19:12:33 EDT,manual,FIS,43.56,27.100126051443553,22.515255296,0.20363396706667988
2026-05-25T23:12:33+00:00,2026-05-25 19:12:33 EDT,manual,GRMN,240.71,13.018768268684118,46.422417408,-0.7195585883806088
2026-05-25T23:12:33+00:00,2026-05-25 19:12:33 EDT,manual,IBM,253.84,120.77390828616713,238.580482048,-0.49378127142073325
2026-05-25T23:12:33+00:00,2026-05-25 19:12:33 EDT,manual,PGR,199.51,221.86865884807602,116.414087168,0.9058574803570978
2026-05-25T23:12:33+00:00,2026-05-25 19:12:33 EDT,manual,ALLE,130.43,6.062706338484044,11.208613888,-0.4591029364500807
2026-05-25T23:12:33+00:00,2026-05-25 19:12:33 EDT,manual,CINF,168.1,45.10351794966193,26.0028416,0.7345611161843915
2026-05-25T23:12:33+00:00,2026-05-25 19:12:33 EDT,manual,RMD,208.05,19.302815690267554,30.178981888,-0.3603887711684903
2026-05-25T23:12:33+00:00,2026-05-25 19:12:33 EDT,manual,GIS,33.69,18.215188346541513,17.97971968,0.013096348037252294
2026-05-25T23:12:33+00:00,2026-05-25 19:12:33 EDT,manual,AON,324.78,43.04021604923895,69.365522432,-0.37951572279395895
2026-05-25T23:12:33+00:00,2026-05-25 19:12:33 EDT,manual,CTAS,172.93,17.216320906793324,69.195669504,-0.7511936652943563
2026-05-25T23:12:33+00:00,2026-05-25 19:12:33 EDT,manual,APH,132.06,52.08563494324555,162.464759808,-0.679403490302758
2026-05-25T23:12:33+00:00,2026-05-25 19:12:33 EDT,manual,NEM,107.64,140.58353718879903,114.911379456,0.22340831564578847
2026-05-25T23:12:33+00:00,2026-05-25 19:12:33 EDT,manual,ABT,87.41,72.94267058527024,152.251891712,-0.5209079521767208
2026-05-25T23:12:33+00:00,2026-05-25 19:12:33 EDT,manual,SNA,366.65,10.997389546222575,18.99317248,-0.42098195771122826
2026-05-25T23:12:33+00:00,2026-05-25 19:12:33 EDT,manual,AJG,204.75,18.398594238285558,52.608876544,-0.6502758574801024
2026-05-25T23:12:33+00:00,2026-05-25 19:12:33 EDT,manual,EMR,136.42,19.891181741600047,76.408840192,-0.7396743401468008
2026-05-25T23:12:33+00:00,2026-05-25 19:12:33 EDT,manual,ZBRA,255.55,7.740589098467293,12.17271296,-0.3641032098675813
2026-05-25T23:12:33+00:00,2026-05-25 19:12:33 EDT,manual,WRB,67.54,37.966394019938775,25.143570432,0.5099841974558744
2026-05-25T23:12:33+00:00,2026-05-25 19:12:33 EDT,manual,COP,120.46,55.189573527713016,146.755698688,-0.623935737956963
2026-05-25T23:12:33+00:00,2026-05-25 19:12:33 EDT,manual,ETN,391.35,27.792520260035698,151.961206784,-0.8171077944942855
2026-05-25T23:12:33+00:00,2026-05-25 19:12:33 EDT,manual,ACN,179.24,104.98297216139613,110.310596608,-0.04829657902709132
2026-05-25T23:12:33+00:00,2026-05-25 19:12:33 EDT,manual,CLX,95.11,1.2904525156197353,11.500829696,-0.8877948330920372
2026-05-25T23:12:33+00:00,2026-05-25 19:12:33 EDT,manual,WM,217.9,18.262653141041444,87.503355904,-0.7912919687208636
2026-05-25T23:12:33+00:00,2026-05-25 19:12:33 EDT,manual,AOS,57.28,2.352900267187994,7.894823424,-0.701969234671512
2026-05-25T23:12:33+00:00,2026-05-25 19:12:33 EDT,manual,LUV,40.86,,19.971295232,
2026-05-25T23:12:33+00:00,2026-05-25 19:12:33 EDT,manual,MKC,47.8,5.234084270050695,12.850704384,-0.592700593395683
2026-05-25T23:12:33+00:00,2026-05-25 19:12:33 EDT,manual,VZ,48.35,167.25793404645881,201.888268288,-0.17153217735336618
2026-05-25T23:12:33+00:00,2026-05-25 19:12:33 EDT,manual,BSX,57.78,37.71589848994633,85.881602048,-0.5608384381457325
2026-05-25T23:12:33+00:00,2026-05-25 19:12:33 EDT,manual,EXPE,214.65,51.77415914738382,25.762738176,1.009652809172881
2026-05-25T23:12:33+00:00,2026-05-25 19:12:33 EDT,manual,IDXX,559.37,10.92404323754198,44.124782592,-0.752428395204772
2026-05-25T23:12:33+00:00,2026-05-25 19:12:33 EDT,manual,LVS,49.43,24.59817880398954,32.754161664,-0.24900600246394572
2026-05-25T23:12:33+00:00,2026-05-25 19:12:33 EDT,manual,CTSH,52.75,14.627978374342241,24.950749184,-0.41372588588551773
2026-05-25T23:12:33+00:00,2026-05-25 19:12:33 EDT,manual,HST,22.38,10.952514869975982,15.526489088,-0.294591661521156
2026-05-25T23:12:33+00:00,2026-05-25 19:12:33 EDT,manual,SJM,103.36,9.095158292718843,11.02317056,-0.17490541916110547
2026-05-25T23:12:33+00:00,2026-05-25 19:12:33 EDT,manual,TAP,42.55,6.400510001778697,7.980310016,-0.19796223593493326
2026-05-25T23:12:33+00:00,2026-05-25 19:12:33 EDT,manual,TFC,48.38,,60.27563008,
2026-05-25T23:12:33+00:00,2026-05-25 19:12:33 EDT,manual,HLT,321.08,21.72809545987379,73.093332992,-0.7027349202662313
2026-05-25T23:12:33+00:00,2026-05-25 19:12:33 EDT,manual,IR,70.91,8.384015808719473,27.749695488,-0.6978699887951911
2026-05-25T23:12:33+00:00,2026-05-25 19:12:33 EDT,manual,NRG,137.65,5.500224331695988,29.042284544,-0.8106132345283316
2026-05-25T23:12:33+00:00,2026-05-25 19:12:33 EDT,manual,ODFL,210.47,5.396665399119955,43.7710848,-0.8767070676045947
2026-05-25T23:12:33+00:00,2026-05-25 19:12:33 EDT,manual,VMC,260.65,2.077966115442309,33.82061056,-0.9385591779380843
2026-05-25T23:12:33+00:00,2026-05-25 19:12:33 EDT,manual,AZO,3406.5,9.54187405138709,56.438284288,-0.8309325988243073
2026-05-25T23:12:33+00:00,2026-05-25 19:12:33 EDT,manual,MLM,536.48,9.851861688467906,32.213424128,-0.6941690628937319
2026-05-25T23:12:33+00:00,2026-05-25 19:12:33 EDT,manual,CMCSA,25.205,44.25721931584388,90.038018048,-0.5084607560747284
2026-05-25T23:12:33+00:00,2026-05-25 19:12:33 EDT,manual,OMC,74.93,72.4698855272477,21.355515904,2.393497298450828
2026-05-25T23:12:33+00:00,2026-05-25 19:12:33 EDT,manual,MDLZ,61.76,32.165231356579696,79.278211072,-0.5942740013726164
2026-05-25T23:12:33+00:00,2026-05-25 19:12:33 EDT,manual,EMN,74.12,2.8715303938628685,8.475619328,-0.661201113129692
2026-05-25T23:12:33+00:00,2026-05-25 19:12:33 EDT,manual,XYL,110.28,5.964242920693273,26.212837376,-0.7724686253860474
2026-05-25T23:12:33+00:00,2026-05-25 19:12:33 EDT,manual,DVA,198.52,10.179193336908977,12.742006784,-0.20113106911143078
2026-05-25T23:12:33+00:00,2026-05-25 19:12:33 EDT,manual,PKG,215.91,5.238299142236602,19.237289984,-0.7277007755981539
2026-05-25T23:12:33+00:00,2026-05-25 19:12:33 EDT,manual,CPB,20.58,5.165252714168826,6.135855104,-0.15818535043280807
2026-05-25T23:12:33+00:00,2026-05-25 19:12:33 EDT,manual,LW,43.76,4.951452571892105,6.042065408,-0.18050331508557793
2026-05-25T23:12:33+00:00,2026-05-25 19:12:33 EDT,manual,A,114.96,10.013089070565059,32.487960576,-0.6917907774745923
2026-05-25T23:12:33+00:00,2026-05-25 19:12:33 EDT,manual,NVR,6036.99,8.080943950538764,16.295599104,-0.5041026783387685
2026-05-25T23:12:33+00:00,2026-05-25 19:12:33 EDT,manual,SLB,57.28,48.38778002785002,85.636898816,-0.4349657601238419
2026-05-25T23:12:33+00:00,2026-05-25 19:12:33 EDT,manual,STE,216.57,6.4262170096748035,21.255698432,-0.6976708608172446
2026-05-25T23:12:33+00:00,2026-05-25 19:12:33 EDT,manual,KHC,23.79,26.511620778144913,28.209651712,-0.060193261199774674
2026-05-25T23:12:33+00:00,2026-05-25 19:12:33 EDT,manual,SHW,309.08,21.83746775938748,76.230131712,-0.7135323359811293
2026-05-25T23:12:33+00:00,2026-05-25 19:12:33 EDT,manual,CCI,91.46,6.68720822397963,39.91789568,-0.8324759331607224
2026-05-25T23:12:33+00:00,2026-05-25 19:12:33 EDT,manual,FAST,43.94,8.586361334653795,50.444660736,-0.8297865183474986
2026-05-25T23:12:33+00:00,2026-05-25 19:12:33 EDT,manual,PPG,107.78,8.49396367016167,24.024162304,-0.6464407972823497
2026-05-25T23:12:33+00:00,2026-05-25 19:12:33 EDT,manual,RSG,208.93,14.725607469252937,64.280256512,-0.770915545949884
2026-05-25T23:12:33+00:00,2026-05-25 19:12:33 EDT,manual,DGX,195.21,11.190014475298472,21.60905216,-0.48216079111456633
2026-05-25T23:12:33+00:00,2026-05-25 19:12:33 EDT,manual,ECL,253.32,19.420861340942075,71.2937472,-0.7275937637776168
2026-05-25T23:12:33+00:00,2026-05-25 19:12:33 EDT,manual,HAS,88.1,8.470157737567117,12.465329152,-0.3205026811339256
2026-05-25T23:12:33+00:00,2026-05-25 19:12:33 EDT,manual,ULTA,515.04,7.788285046225811,22.526113792,-0.6542552737617898
2026-05-25T23:12:33+00:00,2026-05-25 19:12:33 EDT,manual,DOV,209.9,8.034775660745405,28.265428992,-0.7157384144772931
2026-05-25T23:12:33+00:00,2026-05-25 19:12:33 EDT,manual,APD,289.47,,64.459378688,
2026-05-25T23:12:33+00:00,2026-05-25 19:12:33 EDT,manual,ALL,216.6,133.4035276219667,55.75737344,1.3925719486324264
2026-05-25T23:12:33+00:00,2026-05-25 19:12:33 EDT,manual,BR,150.49,9.594362986545834,17.405417472,-0.44877145279736996
2026-05-25T23:12:33+00:00,2026-05-25 19:12:33 EDT,manual,ORLY,91.74,16.331476516033206,76.026322944,-0.785186552714607
2026-05-25T23:12:33+00:00,2026-05-25 19:12:33 EDT,manual,PNR,74.82,3.275412930922689,12.091326464,-0.7291105371544876
2026-05-25T23:12:33+00:00,2026-05-25 19:12:33 EDT,manual,EOG,141.22,64.19562892958797,75.217805312,-0.14653679852386742
2026-05-25T23:12:33+00:00,2026-05-25 19:12:33 EDT,manual,SYK,316.48,37.39589050290899,121.32601856,-0.6917735293158457
2026-05-25T23:12:33+00:00,2026-05-25 19:12:33 EDT,manual,SBUX,103.11,,117.514461184,
2026-05-25T23:12:33+00:00,2026-05-25 19:12:33 EDT,manual,TT,451.02,26.61214096450401,99.700432896,-0.7330789827937478
2026-05-25T23:12:33+00:00,2026-05-25 19:12:33 EDT,manual,WAB,256.41,15.761146525074318,43.506966528,-0.6377328096425469
2026-05-25T23:12:33+00:00,2026-05-25 19:12:33 EDT,manual,CHTR,145.15,16.402714556559282,20.492040192,-0.1995567838597727
2026-05-25T23:12:33+00:00,2026-05-25 19:12:33 EDT,manual,LEN,88.86,25.407017240709727,21.886066688,0.16087635128335984
2026-05-25T23:12:33+00:00,2026-05-25 19:12:33 EDT,manual,OTIS,72.77,12.047766866601966,27.92301568,-0.568536328429911
2026-05-25T23:12:33+00:00,2026-05-25 19:12:33 EDT,manual,ROST,234.81,22.6440494144992,75.948105728,-0.7018483976993918
2026-05-25T23:12:33+00:00,2026-05-25 19:12:33 EDT,manual,HD,313.07,60.03790904596633,311.826382848,-0.8074636645635214
2026-05-25T23:12:33+00:00,2026-05-25 19:12:33 EDT,manual,PHM,116.43,9.482364673043323,22.178326528,-0.5724490456449951
2026-05-25T23:12:33+00:00,2026-05-25 19:12:33 EDT,manual,RJF,151.46,,29.516986368,
2026-05-25T23:12:33+00:00,2026-05-25 19:12:33 EDT,manual,IT,160.01,6.320515430335947,10.712971264,-0.41001284568217927
2026-05-25T23:12:33+00:00,2026-05-25 19:12:33 EDT,manual,LHX,311.98,,58.120298496,
2026-05-25T23:12:33+00:00,2026-05-25 19:12:33 EDT,manual,LMT,533.24,42.99006471158856,122.9457408,-0.6503330295799189
2026-05-25T23:12:33+00:00,2026-05-25 19:12:33 EDT,manual,MAS,67.26,7.639524902229199,13.568658432,-0.43697271616681527
2026-05-25T23:12:33+00:00,2026-05-25 19:12:33 EDT,manual,CARR,63.14,7.778281341181418,52.442845184,-0.8516807905083966
2026-05-25T23:12:33+00:00,2026-05-25 19:12:33 EDT,manual,CVX,191.43,177.1080568826853,381.251518464,-0.5354561272405558
2026-05-25T23:12:33+00:00,2026-05-25 19:12:33 EDT,manual,NOC,555.58,28.63273313314855,78.91095552,-0.6371513569381178
2026-05-25T23:12:33+00:00,2026-05-25 19:12:33 EDT,manual,RL,377.78,10.457502630755865,22.484084736,-0.5348931142386233
2026-05-25T23:12:33+00:00,2026-05-25 19:12:33 EDT,manual,LH,259.93,11.671950968416963,21.314258944,-0.45238767160128557
2026-05-25T23:12:33+00:00,2026-05-25 19:12:33 EDT,manual,IFF,75.28,21.87761677175374,19.219245056,0.13831821739136588
2026-05-25T23:12:33+00:00,2026-05-25 19:12:33 EDT,manual,FMC,13.11,0.40678540719408424,1.639343872,-0.751860842534638
2026-05-25T23:12:33+00:00,2026-05-25 19:12:33 EDT,manual,LIN,517.58,54.055854122811006,239.301722112,-0.7741100496656211
2026-05-25T23:12:33+00:00,2026-05-25 19:12:33 EDT,manual,EXPD,158.48,7.916344998222373,20.727779328,-0.618080409244389
2026-05-25T23:12:33+00:00,2026-05-25 19:12:33 EDT,manual,DOW,36.01,,25.953898496,
2026-05-25T23:12:33+00:00,2026-05-25 19:12:33 EDT,manual,CAG,13.56,4.2004054200947225,6.487607808,-0.3525494227756619
2026-05-25T23:12:33+00:00,2026-05-25 19:12:33 EDT,manual,JPM,306.38,,820.948697088,
2026-05-25T23:12:33+00:00,2026-05-25 19:12:33 EDT,manual,KMB,99.14,8.967311963982008,32.908566528,-0.7275082779326703
2026-05-25T23:12:33+00:00,2026-05-25 19:12:33 EDT,manual,MGM,38.4,6.4380211676045676,9.824688128,-0.3447098692877137
2026-05-25T23:12:33+00:00,2026-05-25 19:12:33 EDT,manual,NKE,44.67,15.019825876288424,66.151223296,-0.7729471183158508
2026-05-25T23:12:33+00:00,2026-05-25 19:12:33 EDT,manual,PEP,150.57,104.69515456906277,205.8203136,-0.4913273974864706
2026-05-25T23:12:33+00:00,2026-05-25 19:12:33 EDT,manual,RTX,177.01,124.4719353756415,238.376419328,-0.477834528572345
2026-05-25T23:12:33+00:00,2026-05-25 19:12:33 EDT,manual,TPR,138.49,21.719801256344248,27.981174784,-0.22377093084869645
2026-05-25T23:12:33+00:00,2026-05-25 19:12:33 EDT,manual,CAT,879.89,54.10323563487573,405.270265856,-0.8665008509306735
2026-05-25T23:12:33+00:00,2026-05-25 19:12:33 EDT,manual,WFC,76.4,,233.798483968,
2026-05-25T23:12:33+00:00,2026-05-25 19:12:33 EDT,manual,AMZN,266.32,190.58941292287574,2864.833626112,-0.933472781390962
2026-05-25T23:12:33+00:00,2026-05-25 19:12:33 EDT,manual,LDOS,126.01,7.949459943753025,15.850226688,-0.49846395889268524
2026-05-25T23:12:33+00:00,2026-05-25 19:12:33 EDT,manual,SWK,76.46,7.090611919357587,11.886132224,-0.4034550696785529
2026-05-25T23:12:33+00:00,2026-05-25 19:12:33 EDT,manual,IQV,167.9,25.28759096280809,28.022509568,-0.09759720479549847
2026-05-25T23:12:33+00:00,2026-05-25 19:12:33 EDT,manual,HPQ,25.24,31.019937568631054,23.169929216,0.3388015681640593
2026-05-25T23:12:33+00:00,2026-05-25 19:12:33 EDT,manual,DAL,76.14,45.97433290222282,50.023550976,-0.08094623421915595
2026-05-25T23:12:33+00:00,2026-05-25 19:12:33 EDT,manual,GWW,1247.79,9.968470019505876,58.912059392,-0.8307906713432676
2026-05-25T23:12:33+00:00,2026-05-25 19:12:33 EDT,manual,URI,938.62,19.47271442310143,58.801311744,-0.6688387750960607
2026-05-25T23:12:33+00:00,2026-05-25 19:12:33 EDT,manual,AVY,159.66,8.499586847546754,12.212455424,-0.30402310162432133
2026-05-25T23:12:33+00:00,2026-05-25 19:12:33 EDT,manual,CMG,32.89,8.466122169491536,42.189119488,-0.7993292518963431
2026-05-25T23:12:33+00:00,2026-05-25 19:12:33 EDT,manual,TJX,158.27,35.07680576422951,175.017230336,-0.7995808430010652
2026-05-25T23:12:33+00:00,2026-05-25 19:12:33 EDT,manual,UNH,388.47,159.90990753003476,352.7868416,-0.5467237190457764
2026-05-25T23:12:33+00:00,2026-05-25 19:12:33 EDT,manual,HCA,394.07,51.522877742393256,87.420411904,-0.41063103432900006
2026-05-25T23:12:33+00:00,2026-05-25 19:12:33 EDT,manual,SEE,42.15,2.8644223487628775,6.211799552,-0.5388739889649811
2026-05-25T23:12:33+00:00,2026-05-25 19:12:33 EDT,manual,CPRT,33.79,10.8618631375536,32.550193152,-0.6663041879096743
2026-05-25T23:12:33+00:00,2026-05-25 19:12:33 EDT,manual,LYB,69.72,7.343640734430068,22.504554496,-0.6736820213110488
2026-05-25T23:12:33+00:00,2026-05-25 19:12:33 EDT,manual,F,14.93,,59.491463168,
2026-05-25T23:12:33+00:00,2026-05-25 19:12:33 EDT,manual,HRL,21.24,2.7057292120917733,11.688036352,-0.7685043808382079
2026-05-25T23:12:33+00:00,2026-05-25 19:12:33 EDT,manual,LKQ,27.15,7.239873030575465,6.917571072,0.0465917813089098
2026-05-25T23:12:33+00:00,2026-05-25 19:12:33 EDT,manual,RCL,256.1,,68.684734464,
2026-05-25T23:12:33+00:00,2026-05-25 19:12:33 EDT,manual,APTV,57.36,12.512831537032225,12.138553344,0.030833838467021958
2026-05-25T23:12:33+00:00,2026-05-25 19:12:33 EDT,manual,HSIC,74.21,2.9603096677023166,8.45376256,-0.6498234192536492
2026-05-25T23:12:33+00:00,2026-05-25 19:12:33 EDT,manual,NUE,232.0,,52.835897344,
2026-05-25T23:12:33+00:00,2026-05-25 19:12:33 EDT,manual,DHI,143.73,19.24968279936954,40.758898688,-0.5277182794677198
2026-05-25T23:12:33+00:00,2026-05-25 19:12:33 EDT,manual,CI,286.24,67.47922412365133,75.719753728,-0.10882932390337985
2026-05-25T23:12:33+00:00,2026-05-25 19:12:33 EDT,manual,FRT,119.75,3.530312756672906,10.40847872,-0.6608233679827414
2026-05-25T23:12:33+00:00,2026-05-25 19:12:33 EDT,manual,UAL,99.96,30.475489581913912,32.443990016,-0.060673808403815546
2026-05-25T23:12:33+00:00,2026-05-25 19:12:33 EDT,manual,BWA,65.82,8.820972681868371,13.500665856,-0.34662684226436635
2026-05-25T23:12:33+00:00,2026-05-25 19:12:33 EDT,manual,IRM,126.46,,37.624971264,
2026-05-25T23:12:33+00:00,2026-05-25 19:12:33 EDT,manual,TGT,125.6,30.495861418477578,57.04464384,-0.4654035968037069
2026-05-25T23:12:33+00:00,2026-05-25 19:12:33 EDT,manual,DG,105.65,21.694238515644148,23.266910208,-0.06759263169439274
2026-05-25T23:12:33+00:00,2026-05-25 19:12:33 EDT,manual,GD,342.89,93.85566869196701,92.727803904,0.012163178038106869
2026-05-25T23:12:33+00:00,2026-05-25 19:12:33 EDT,manual,TXT,91.83,11.863364683581818,15.96822528,-0.25706429640365036
2026-05-25T23:12:33+00:00,2026-05-25 19:12:33 EDT,manual,CHRW,174.23,4.443690909671675,20.537018368,-0.7836253135656895
2026-05-25T23:12:33+00:00,2026-05-25 19:12:33 EDT,manual,MAR,369.15,24.943864213033287,97.340653568,-0.7437466947393355
2026-05-25T23:12:33+00:00,2026-05-25 19:12:33 EDT,manual,L,108.87,24.632249106545228,22.40205824,0.09955294476304463
2026-05-25T23:12:33+00:00,2026-05-25 19:12:33 EDT,manual,CDW,110.82,7.900052549450741,14.157636608,-0.4419935496164177
2026-05-25T23:12:33+00:00,2026-05-25 19:12:33 EDT,manual,EVRG,83.94,,19.349264384,
2026-05-25T23:12:33+00:00,2026-05-25 19:12:33 EDT,manual,AMD,467.51,82.24064976771209,762.322092032,-0.8921182389605209
2026-05-25T23:12:33+00:00,2026-05-25 19:12:33 EDT,manual,BBY,61.63,4.919900289538011,12.98514432,-0.6211131606785245
2026-05-25T23:12:33+00:00,2026-05-25 19:12:33 EDT,manual,HAL,41.47,27.227771446234524,34.64394752,-0.21406844787200147
2026-05-25T23:12:33+00:00,2026-05-25 19:12:33 EDT,manual,HII,320.63,11.083005426214502,12.634114048,-0.12277145954931772
2026-05-25T23:12:33+00:00,2026-05-25 19:12:33 EDT,manual,CBRE,131.07,11.991108802282435,38.379470848,-0.687564509428162
2026-05-25T23:12:33+00:00,2026-05-25 19:12:33 EDT,manual,BKR,66.06,59.09082836322315,65.536053248,-0.09834624707086005
2026-05-25T23:12:33+00:00,2026-05-25 19:12:33 EDT,manual,LOW,215.03,41.40398216962456,120.63182848,-0.6567739816984614
2026-05-25T23:12:33+00:00,2026-05-25 19:12:33 EDT,manual,OXY,58.81,27.602850744330638,58.494468096,-0.5281117746206467
2026-05-25T23:12:33+00:00,2026-05-25 19:12:33 EDT,manual,DLTR,94.98,15.140232074377334,18.495019008,-0.18138867184573082
2026-05-25T23:12:33+00:00,2026-05-25 19:12:33 EDT,manual,PCAR,109.35,14.311063978400645,57.549398016,-0.751325566004672
2026-05-25T23:12:33+00:00,2026-05-25 19:12:33 EDT,manual,MPC,254.65,76.05236071898058,74.34166272,0.02301129590581987
2026-05-25T23:12:33+00:00,2026-05-25 19:12:33 EDT,manual,VLO,246.96,93.96949529182028,73.330515968,0.28145144011841844
2026-05-25T23:12:33+00:00,2026-05-25 19:12:33 EDT,manual,CCL,25.98,22.231802134847076,35.985924096,-0.38220838582499417
2026-05-25T23:12:33+00:00,2026-05-25 19:12:33 EDT,manual,GPC,97.87,8.008608882576716,13.615881216,-0.41181854075182345
2026-05-25T23:12:33+00:00,2026-05-25 19:12:33 EDT,manual,TSN,65.05,9.527183965038494,22.90601984,-0.5840751020218057
2026-05-25T23:12:33+00:00,2026-05-25 19:12:33 EDT,manual,HPE,37.58,38.3988182190467,49.863180288,-0.22991638324586158
2026-05-25T23:12:33+00:00,2026-05-25 19:12:33 EDT,manual,UPS,101.02,33.99847663817902,85.867634688,-0.6040594717472716
2026-05-25T23:12:33+00:00,2026-05-25 19:12:33 EDT,manual,WMT,120.27,80.20177833959293,958.671028224,-0.9163406674673669
2026-05-25T23:12:33+00:00,2026-05-25 19:12:33 EDT,manual,JBHT,258.77,7.479818783974544,24.401803264,-0.6934727035108292
2026-05-25T23:12:33+00:00,2026-05-25 19:12:33 EDT,manual,MU,751.0,39.61091525446538,846.928216064,-0.9532299024838817
2026-05-25T23:12:33+00:00,2026-05-25 19:12:33 EDT,manual,COST,1028.24,99.57374617454988,456.181284864,-0.7817232984377351
2026-05-25T23:12:33+00:00,2026-05-25 19:12:33 EDT,manual,DE,529.15,17.443290660398382,142.927282176,-0.8779568855236553
2026-05-25T23:12:33+00:00,2026-05-25 19:12:33 EDT,manual,GE,302.84,105.63748186691625,316.416196608,-0.6661438858081344
2026-05-25T23:12:33+00:00,2026-05-25 19:12:33 EDT,manual,PWR,723.44,14.47080516292898,108.559507456,-0.8667016321090614
2026-05-25T23:12:33+00:00,2026-05-25 19:12:33 EDT,manual,SYY,76.29,18.273907135076964,36.480548864,-0.4990780647735771
2026-05-25T23:12:33+00:00,2026-05-25 19:12:33 EDT,manual,AMCR,38.38,3.1752808508440427,17.744828416,-0.8210588022377842
2026-05-25T23:12:33+00:00,2026-05-25 19:12:33 EDT,manual,NWSA,25.89,21.19939938907457,14.135477248,0.4997300067865788
2026-05-25T23:12:33+00:00,2026-05-25 19:12:33 EDT,manual,XOM,154.92,180.28310421858544,642.135228416,-0.7192443332173156
2026-05-25T23:12:33+00:00,2026-05-25 19:12:33 EDT,manual,DVN,47.22,21.06744694121324,54.444187648,-0.6130450677780083
2026-05-25T23:12:33+00:00,2026-05-25 19:12:33 EDT,manual,D,67.67,,59.516608512,
2026-05-25T23:12:33+00:00,2026-05-25 19:12:33 EDT,manual,MCK,766.08,57.753364978235076,92.085919744,-0.3728317517076427
2026-05-25T23:12:33+00:00,2026-05-25 19:12:33 EDT,manual,KR,67.25,27.888046268166658,41.4637056,-0.32741066278054365
2026-05-25T23:12:33+00:00,2026-05-25 19:12:33 EDT,manual,CAH,200.68,64.20169810264765,47.000428544,0.36598112169433694
2026-05-25T23:12:33+00:00,2026-05-25 19:12:33 EDT,manual,CNC,59.14,79.72758844666474,29.203152896,1.7301020794088693
2026-05-25T23:12:33+00:00,2026-05-25 19:12:33 EDT,manual,PSX,177.69,,71.242145792,
2026-05-25T23:12:33+00:00,2026-05-25 19:12:33 EDT,manual,WEC,113.41,,36.940550144,
2026-05-25T23:12:33+00:00,2026-05-25 19:12:33 EDT,manual,LYV,165.55,35.04421434686506,38.52560384,-0.0903656048479717
2026-05-25T23:12:33+00:00,2026-05-25 19:12:33 EDT,manual,GLW,194.05,9.63192705485321,167.006765056,-0.942326126419948
2026-05-25T23:12:33+00:00,2026-05-25 19:12:33 EDT,manual,DIS,103.0,41.441526487311656,178.86068736,-0.7683027662534884
2026-05-25T23:12:33+00:00,2026-05-25 19:12:33 EDT,manual,CTVA,79.56,34.01248566322837,53.211316224,-0.36080352682785827
2026-05-25T23:12:33+00:00,2026-05-25 19:12:33 EDT,manual,AAL,13.85,16.40578693792145,9.160184832,0.7909886360163623
2026-05-25T23:12:33+00:00,2026-05-25 19:12:33 EDT,manual,HWM,256.55,22.38827404401025,102.647570432,-0.7818918270565244
2026-05-25T23:12:33+00:00,2026-05-25 19:12:33 EDT,manual,TMUS,191.47,140.68683888511768,207.209725952,-0.3210413351074665
2026-05-25T23:12:33+00:00,2026-05-25 19:12:33 EDT,manual,FDX,394.2,15.646341731280884,94.05878272,-0.8336535804651238
2026-05-25T23:12:33+00:00,2026-05-25 19:12:33 EDT,manual,APA,38.8,13.97939921652536,13.714644992,0.01930448981215306
2026-05-25T23:12:33+00:00,2026-05-25 19:12:33 EDT,manual,FE,46.31,,26.787147776,
2026-05-25T23:12:33+00:00,2026-05-25 19:12:33 EDT,manual,EQIX,1079.79,37.5301484498882,106.493476864,-0.6475826543083295
2026-05-25T23:12:33+00:00,2026-05-25 19:12:33 EDT,manual,EXC,46.23,,47.302909952,
2026-05-25T23:12:33+00:00,2026-05-25 19:12:33 EDT,manual,AIG,77.05,97.801009204908,40.852389888,1.3940094930317926
2026-05-25T23:12:33+00:00,2026-05-25 19:12:33 EDT,manual,MOS,22.51,,7.154728448,
2026-05-25T23:12:33+00:00,2026-05-25 19:12:33 EDT,manual,KMX,40.33,,5.719629824,
2026-05-25T23:12:33+00:00,2026-05-25 19:12:33 EDT,manual,EFX,164.04,14.17056356856604,19.788898304,-0.28391346749699076
2026-05-25T23:12:33+00:00,2026-05-25 19:12:33 EDT,manual,WYNN,97.24,5.382823407161775,10.09222144,-0.4666364150684178
2026-05-25T23:12:33+00:00,2026-05-25 19:12:33 EDT,manual,ED,108.54,,40.000212992,
2026-05-25T23:12:33+00:00,2026-05-25 19:12:33 EDT,manual,DTE,145.3,,30.226515968,
2026-05-25T23:12:33+00:00,2026-05-25 19:12:33 EDT,manual,J,114.69,7.995809461436635,13.542695936,-0.409585100394841
2026-05-25T23:12:33+00:00,2026-05-25 19:12:33 EDT,manual,ALB,171.58,10.594445022049877,20.235227136,-0.47643557688554145
2026-05-25T23:12:33+00:00,2026-05-25 19:12:33 EDT,manual,DD,48.12,,19.725412352,
2026-05-25T23:12:33+00:00,2026-05-25 19:12:33 EDT,manual,NI,47.85,,22.941165568,
2026-05-25T23:12:33+00:00,2026-05-25 19:12:33 EDT,manual,AEE,111.29,,30.79968768,
2026-05-25T23:12:33+00:00,2026-05-25 19:12:33 EDT,manual,BEN,31.02,,16.119144448,
2026-05-25T23:12:33+00:00,2026-05-25 19:12:33 EDT,manual,SRE,92.8,,60.662439936,
2026-05-25T23:12:33+00:00,2026-05-25 19:12:33 EDT,manual,BA,219.02,59.316294855694544,172.653985792,-0.6564441036006307
2026-05-25T23:12:33+00:00,2026-05-25 19:12:33 EDT,manual,GM,78.79,168.02959860325328,71.042203648,1.3652081435396703
2026-05-25T23:12:33+00:00,2026-05-25 19:12:33 EDT,manual,BK,137.16,,94.143750144,
2026-05-25T23:12:33+00:00,2026-05-25 19:12:33 EDT,manual,CMS,74.53,,23.023777792,
2026-05-25T23:12:33+00:00,2026-05-25 19:12:33 EDT,manual,PNW,102.94,,12.475006976,
2026-05-25T23:12:33+00:00,2026-05-25 19:12:33 EDT,manual,CNP,42.83,,28.018079744,
2026-05-25T23:12:33+00:00,2026-05-25 19:12:33 EDT,manual,FCX,61.99,21.922432521206648,89.11433728,-0.7539965712551316
2026-05-25T23:12:33+00:00,2026-05-25 19:12:33 EDT,manual,SO,94.55,,106.586324992,
2026-05-25T23:12:33+00:00,2026-05-25 19:12:33 EDT,manual,PPL,36.32,,27.325364224,
2026-05-25T23:12:33+00:00,2026-05-25 19:12:33 EDT,manual,XEL,81.08,,50.615779328,
2026-05-25T23:12:33+00:00,2026-05-25 19:12:33 EDT,manual,ADM,77.52,12.552691145940049,37.361266688,-0.6640185877324168
2026-05-25T23:12:33+00:00,2026-05-25 19:12:33 EDT,manual,AWK,125.2,,24.449122304,
2026-05-25T23:12:33+00:00,2026-05-25 19:12:33 EDT,manual,ES,70.0,6.580558229926772,26.325602304,-0.7500319972194178
2026-05-25T23:12:33+00:00,2026-05-25 19:12:33 EDT,manual,DUK,125.67,,97.97185536,
2026-05-25T23:12:33+00:00,2026-05-25 19:12:33 EDT,manual,AEP,131.59,,71.59877632,
2026-05-25T23:12:33+00:00,2026-05-25 19:12:33 EDT,manual,NEE,88.55,,184.68036608,
2026-05-25T23:12:33+00:00,2026-05-25 19:12:33 EDT,manual,NFLX,88.6,364.90090483598067,373.076754432,-0.021914658307958187
2026-05-25T23:12:33+00:00,2026-05-25 19:12:33 EDT,manual,ETR,112.4,,51.466481664,
2026-05-25T23:12:33+00:00,2026-05-25 19:12:33 EDT,manual,OKE,94.03,9.846062588968348,59.241988096,-0.833799254457614
2026-05-25T23:12:33+00:00,2026-05-25 19:12:33 EDT,manual,C,125.09,,213.350612992,
2026-05-25T23:12:33+00:00,2026-05-25 19:12:33 EDT,manual,FANG,200.71,22.985412946143857,56.46239744,-0.592907598892353
2026-05-25T23:12:33+00:00,2026-05-25 19:12:33 EDT,manual,ATO,177.81,,29.680013312,
2026-05-25T23:12:33+00:00,2026-05-25 19:12:33 EDT,manual,EIX,71.18,,27.38963456,
2026-05-25T23:12:33+00:00,2026-05-25 19:12:33 EDT,manual,ABNB,132.35,52.247952217584185,78.550376448,-0.33484784439992976
2026-05-25T23:12:33+00:00,2026-05-25 19:12:33 EDT,manual,ALLY,42.35,,12.981252096,
2026-05-25T23:12:33+00:00,2026-05-25 19:12:33 EDT,manual,APP,481.68,45.533664111371834,161.8153472,-0.7186072588337786
2026-05-25T23:12:33+00:00,2026-05-25 19:12:33 EDT,manual,ARM,306.51,10.377004167425905,326.126206976,-0.9681810172091151
2026-05-25T23:12:33+00:00,2026-05-25 19:12:33 EDT,manual,AXON,386.0,1.6382951168950473,31.112402944,-0.9473427005993765
2026-05-25T23:12:33+00:00,2026-05-25 19:12:33 EDT,manual,BALL,56.51,6.049353812578808,15.045590016,-0.5979317656439053
2026-05-25T23:12:33+00:00,2026-05-25 19:12:33 EDT,manual,BG,120.71,,23.419926528,
2026-05-25T23:12:33+00:00,2026-05-25 19:12:33 EDT,manual,BLDR,74.15,3.6120073492605282,7.9755648,-0.5471157918169597
2026-05-25T23:12:33+00:00,2026-05-25 19:12:33 EDT,manual,BRO,57.82,25.209882268470924,19.597963264,0.28635215450064655
2026-05-25T23:12:33+00:00,2026-05-25 19:12:33 EDT,manual,CBOE,357.35,11.51898999692849,37.398032384,-0.6919894106018085
2026-05-25T23:12:33+00:00,2026-05-25 19:12:33 EDT,manual,CEG,294.07,,106.215161856,
2026-05-25T23:12:33+00:00,2026-05-25 19:12:33 EDT,manual,COIN,184.99,20.71731642242942,48.73760768,-0.574921351116481
2026-05-25T23:12:33+00:00,2026-05-25 19:12:33 EDT,manual,COR,274.91,,53.486780416,
2026-05-25T23:12:33+00:00,2026-05-25 19:12:33 EDT,manual,CPT,107.47,4.744436338274433,10.649266176,-0.5544823220808531
2026-05-25T23:12:33+00:00,2026-05-25 19:12:33 EDT,manual,CRWD,663.46,22.586622898775435,168.8748032,-0.866252262203818
2026-05-25T23:12:33+00:00,2026-05-25 19:12:33 EDT,manual,CTRA,32.56,27.090588425846605,24.724652032,0.09569139297833103
2026-05-25T23:12:33+00:00,2026-05-25 19:12:33 EDT,manual,CZR,28.47,6.740399274268923,5.798682112,0.1624019292797755
2026-05-25T23:12:33+00:00,2026-05-25 19:12:33 EDT,manual,DASH,160.25,26.019802619469772,69.823922176,-0.6273511740878208
2026-05-25T23:12:33+00:00,2026-05-25 19:12:33 EDT,manual,DDOG,222.32,14.362142271567807,79.137071104,-0.8185156201612083
2026-05-25T23:12:33+00:00,2026-05-25 19:12:33 EDT,manual,DECK,106.67,11.45069964206848,15.141803008,-0.24376907848962023
2026-05-25T23:12:33+00:00,2026-05-25 19:12:33 EDT,manual,DELL,295.19,98.7168524463345,191.746048,-0.48516877674404796
2026-05-25T23:12:33+00:00,2026-05-25 19:12:33 EDT,manual,DKNG,25.12,8.974542022258502,12.462756864,-0.27989110915078325
2026-05-25T23:12:33+00:00,2026-05-25 19:12:33 EDT,manual,DPZ,316.52,3.270734712263666,10.528047104,-0.689331299532181
2026-05-25T23:12:33+00:00,2026-05-25 19:12:33 EDT,manual,DXCM,72.1,16.193275908623132,27.821443072,-0.417957010112091
2026-05-25T23:12:33+00:00,2026-05-25 19:12:33 EDT,manual,ELV,394.69,60.882392739740844,85.711822848,-0.28968500824316007
2026-05-25T23:12:33+00:00,2026-05-25 19:12:33 EDT,manual,ENPH,64.03,1.167097026426199,8.43904,-0.8617026312914503
2026-05-25T23:12:33+00:00,2026-05-25 19:12:33 EDT,manual,EPAM,102.69,6.116601895707269,5.364982784,0.14009720850341298
2026-05-25T23:12:33+00:00,2026-05-25 19:12:33 EDT,manual,EQT,57.92,53.765384825243075,36.2276864,0.48409656171814136
2026-05-25T23:12:33+00:00,2026-05-25 19:12:33 EDT,manual,ERIE,224.23,4.691993168071222,11.724956672,-0.5998285282131555
2026-05-25T23:12:33+00:00,2026-05-25 19:12:33 EDT,manual,ETSY,62.38,1.8333877846576299,5.919627264,-0.6902866172322518
2026-05-25T23:12:33+00:00,2026-05-25 19:12:33 EDT,manual,FDS,232.0,6.279487260324624,8.45202176,-0.25704317397254023
2026-05-25T23:12:33+00:00,2026-05-25 19:12:33 EDT,manual,FICO,1239.91,8.791532254981451,28.7546368,-0.6942568839895258
2026-05-25T23:12:33+00:00,2026-05-25 19:12:33 EDT,manual,FSLR,257.85,17.44863543894317,27.70684928,-0.3702410814520744
2026-05-25T23:12:33+00:00,2026-05-25 19:12:33 EDT,manual,GDDY,90.46,11.75877897704221,11.97779456,-0.018285134367656858
2026-05-25T23:12:33+00:00,2026-05-25 19:12:33 EDT,manual,GEHC,64.23,17.125969514045003,29.21769984,-0.41384949507219654
2026-05-25T23:12:33+00:00,2026-05-25 19:12:33 EDT,manual,GEN,24.82,17.09837889523642,15.032573952,0.1374219045808569
2026-05-25T23:12:33+00:00,2026-05-25 19:12:33 EDT,manual,GEV,1038.74,102.60518205816597,279.130210304,-0.6324110459186094
2026-05-25T23:12:33+00:00,2026-05-25 19:12:33 EDT,manual,GNRC,270.14,1.246815319671772,15.90278656,-0.9215976825842671
2026-05-25T23:12:33+00:00,2026-05-25 19:12:33 EDT,manual,HEI,301.04,12.092410925201145,42.000621568,-0.7120897150147351
2026-05-25T23:12:33+00:00,2026-05-25 19:12:33 EDT,manual,HUBB,475.01,7.258644115502764,25.100371968,-0.7108152769705295
2026-05-25T23:12:33+00:00,2026-05-25 19:12:33 EDT,manual,INVH,29.29,11.851273393654091,17.39949056,-0.31887239153431335
2026-05-25T23:12:33+00:00,2026-05-25 19:12:33 EDT,manual,KVUE,17.53,17.41371028382643,33.6577536,-0.48262410822846985
2026-05-25T23:12:33+00:00,2026-05-25 19:12:33 EDT,manual,LAMR,153.1,4.8493550537088055,15.535839232,-0.6878601161293991
2026-05-25T23:12:33+00:00,2026-05-25 19:12:33 EDT,manual,LPX,70.51,,4.926172672,
2026-05-25T23:12:33+00:00,2026-05-25 19:12:33 EDT,manual,LULU,127.18,5.123559149865442,15.204484096,-0.6630231504393267
2026-05-25T23:12:33+00:00,2026-05-25 19:12:33 EDT,manual,META,610.26,407.8475005871392,1549.098287104,-0.7367194167197746
2026-05-25T23:12:33+00:00,2026-05-25 19:12:33 EDT,manual,MNDY,79.055,3.775266582529391,4.07540096,-0.0736453616261131
2026-05-25T23:12:33+00:00,2026-05-25 19:12:33 EDT,manual,MOH,184.14,10.784261040435004,9.593694208,0.12409889315027489
2026-05-25T23:12:33+00:00,2026-05-25 19:12:33 EDT,manual,MPWR,1589.81,5.986318303352269,78.107369472,-0.9233578298204211
2026-05-25T23:12:33+00:00,2026-05-25 19:12:33 EDT,manual,MRNA,46.88,,18.601340928,
2026-05-25T23:12:33+00:00,2026-05-25 19:12:33 EDT,manual,MSTR,159.89,,56.138903552,
2026-05-25T23:12:33+00:00,2026-05-25 19:12:33 EDT,manual,MTCH,35.8,7.713966715559611,8.350941696,-0.0762758265628285
2026-05-25T23:12:33+00:00,2026-05-25 19:12:33 EDT,manual,NDSN,289.9,4.4374029987396675,16.15263232,-0.7252829810751448
2026-05-25T23:12:33+00:00,2026-05-25 19:12:33 EDT,manual,NET,216.17,11.802465963910123,76.408799232,-0.8455352514037775
2026-05-25T23:12:33+00:00,2026-05-25 19:12:33 EDT,manual,NTNX,47.12,7.9912947283965705,12.691720192,-0.3703536945737473
2026-05-25T23:12:33+00:00,2026-05-25 19:12:33 EDT,manual,NWS,29.68,21.19939938907457,16.204749824,0.308221331357875
2026-05-25T23:12:33+00:00,2026-05-25 19:12:33 EDT,manual,NXPI,316.47,31.84368333116499,79.899516928,-0.6014533684870668
2026-05-25T23:12:33+00:00,2026-05-25 19:12:33 EDT,manual,ON,116.2,9.847211473968487,45.178929152,-0.7820397327072866
2026-05-25T23:12:33+00:00,2026-05-25 19:12:33 EDT,manual,PANW,260.58,36.94599228513882,211.330367488,-0.8251742391578591
2026-05-25T23:12:33+00:00,2026-05-25 19:12:33 EDT,manual,PCG,16.49,,36.31468544,
2026-05-25T23:12:33+00:00,2026-05-25 19:12:33 EDT,manual,PLTR,136.88,26.27098152162768,328.144093184,-0.9199407148648665
2026-05-25T23:12:33+00:00,2026-05-25 19:12:33 EDT,manual,PODD,154.87,3.812933108410274,10.72701952,-0.6445486930175481
2026-05-25T23:12:33+00:00,2026-05-25 19:12:33 EDT,manual,POOL,184.64,1.5633918356258214,6.728836096,-0.7676579109193654
2026-05-25T23:12:33+00:00,2026-05-25 19:12:33 EDT,manual,PTC,148.23,11.965001403195751,17.12142336,-0.3011678321588007
2026-05-25T23:12:33+00:00,2026-05-25 19:12:33 EDT,manual,RVTY,96.95,5.823117705898119,10.815720448,-0.46160611917674826
2026-05-25T23:12:33+00:00,2026-05-25 19:12:33 EDT,manual,SEDG,61.95,4.191641262061698,3.767687424,0.11252362267664014
2026-05-25T23:12:33+00:00,2026-05-25 19:12:33 EDT,manual,SIRI,28.89,7.527273912371621,9.724949504,-0.22598323937049192
2026-05-25T23:12:33+00:00,2026-05-25 19:12:33 EDT,manual,SMCI,35.58,,21.398470656,
2026-05-25T23:12:33+00:00,2026-05-25 19:12:33 EDT,manual,SNOW,172.2,21.55572911369473,59.685019648,-0.6388418862752766
2026-05-25T23:12:33+00:00,2026-05-25 19:12:33 EDT,manual,SOLV,76.83,2.6659558205843044,13.305014272,-0.799627736875508
2026-05-25T23:12:33+00:00,2026-05-25 19:12:33 EDT,manual,SPOT,519.86,12.19379973517012,106.89363968,-0.8859258626455808
2026-05-25T23:12:33+00:00,2026-05-25 19:12:33 EDT,manual,STLD,240.03,,34.615394304,
2026-05-25T23:12:33+00:00,2026-05-25 19:12:33 EDT,manual,TDY,620.45,8.411798527936368,28.744912896,-0.7073639235446454
2026-05-25T23:12:33+00:00,2026-05-25 19:12:33 EDT,manual,TECH,48.21,1.6096517314217338,7.548179456,-0.7867496737717025
2026-05-25T23:12:33+00:00,2026-05-25 19:12:33 EDT,manual,TER,358.44,3.5934024103403375,56.110972928,-0.9359590072524444
2026-05-25T23:12:33+00:00,2026-05-25 19:12:33 EDT,manual,TPL,402.03,,27.729790976,
2026-05-25T23:12:33+00:00,2026-05-25 19:12:33 EDT,manual,TRGP,276.75,,59.402698752,
2026-05-25T23:12:33+00:00,2026-05-25 19:12:33 EDT,manual,TRMB,56.34,5.0541883741027345,13.133503488,-0.6151683076247922
2026-05-25T23:12:33+00:00,2026-05-25 19:12:33 EDT,manual,TSLA,426.01,103.73260178833813,1599.975981056,-0.935166150606915
2026-05-25T23:12:33+00:00,2026-05-25 19:12:33 EDT,manual,TYL,313.25,5.234715310863361,12.887279616,-0.5938075787255922
2026-05-25T23:12:33+00:00,2026-05-25 19:12:33 EDT,manual,UBER,71.82,81.51167768422508,146.19672576,-0.44245209829092497
2026-05-25T23:12:33+00:00,2026-05-25 19:12:33 EDT,manual,VICI,28.5,11.263417298536732,30.68823552,-0.6329727953503164
2026-05-25T23:12:33+00:00,2026-05-25 19:12:33 EDT,manual,VLTO,86.8,8.800183052218353,21.318017024,-0.5871950452844168
2026-05-25T23:12:33+00:00,2026-05-25 19:12:33 EDT,manual,VST,156.27,6.4043988964170975,52.691505152,-0.8784548120623574
2026-05-25T23:12:33+00:00,2026-05-25 19:12:33 EDT,manual,VTRS,16.65,26.00824638986817,19.389802496,0.341336323319101
2026-05-25T23:12:33+00:00,2026-05-25 19:12:33 EDT,manual,WBD,27.03,125.54084845365263,67.7679104,0.8525117229179405
2026-05-25T23:12:33+00:00,2026-05-25 19:12:33 EDT,manual,WDAY,128.14,39.8891316273321,31.99470592,0.2467416242884503
2026-05-25T23:12:33+00:00,2026-05-25 19:12:33 EDT,manual,WSM,192.5,5.485997013056783,22.665463808,-0.7579578754915907
2026-05-25T23:12:33+00:00,2026-05-25 19:12:33 EDT,manual,WSO,375.17,2.9902144920991405,15.25348864,-0.803965206735871
2026-05-25T23:12:33+00:00,2026-05-25 19:12:33 EDT,manual,WST,316.42,4.147435482947484,22.354311168,-0.8144682047333894
2026-05-25T23:12:33+00:00,2026-05-25 19:12:33 EDT,manual,ZS,182.37,14.498805599323255,29.323399168,-0.5055550853345306
2026-05-25T23:12:33+00:00,2026-05-25 19:12:33 EDT,manual,ADSK,240.99,34.7538744275988,50.883895296,-0.3169965816211634
2026-05-25T23:12:33+00:00,2026-05-25 19:12:33 EDT,manual,AES,14.68,,10.469154816,
2026-05-25T23:12:33+00:00,2026-05-25 19:12:33 EDT,manual,AMP,452.31,44.25123019897006,40.661352448,0.08828721955476017
2026-05-25T23:12:33+00:00,2026-05-25 19:12:33 EDT,manual,ANET,154.03,68.54395290411126,193.94985984,-0.6465893145751331
2026-05-25T23:12:33+00:00,2026-05-25 19:12:33 EDT,manual,BAX,19.18,8.842378386323063,9.905874944,-0.10736018410176874
2026-05-25T23:12:33+00:00,2026-05-25 19:12:33 EDT,manual,CMI,639.55,11.679408745720503,88.250908672,-0.8676567876583675
2026-05-25T23:12:33+00:00,2026-05-25 19:12:33 EDT,manual,CVS,93.26,58.73775158563707,118.992986112,-0.5063763545663841
2026-05-25T23:12:33+00:00,2026-05-25 19:12:33 EDT,manual,DRI,203.51,4.711010229899582,23.309017088,-0.797888936624234
2026-05-25T23:12:33+00:00,2026-05-25 19:12:33 EDT,manual,EL,88.32,18.505356546808088,31.953727488,-0.4208701769219993
2026-05-25T23:12:33+00:00,2026-05-25 19:12:33 EDT,manual,FISV,57.13,,30.464800768,
2026-05-25T23:12:33+00:00,2026-05-25 19:12:33 EDT,manual,FTV,59.13,10.389375235899193,18.026432512,-0.4236588282799107
2026-05-25T23:12:33+00:00,2026-05-25 19:12:33 EDT,manual,GPN,73.26,101.78283902588076,20.039798784,4.079034980488194
2026-05-25T23:12:33+00:00,2026-05-25 19:12:33 EDT,manual,HIG,136.02,72.3360341689712,37.287276544,0.9399656095454627
2026-05-25T23:12:33+00:00,2026-05-25 19:12:33 EDT,manual,ILMN,144.41,8.520670737560176,21.849233408,-0.6100242704881184
2026-05-25T23:12:33+00:00,2026-05-25 19:12:33 EDT,manual,INTC,119.84,,602.31581696,
2026-05-25T23:12:33+00:00,2026-05-25 19:12:33 EDT,manual,JCI,138.36,31.82847259075296,84.415594496,-0.6229550620263518
2026-05-25T23:12:33+00:00,2026-05-25 19:12:33 EDT,manual,PEG,79.51,,39.621537792,
2026-05-25T23:12:33+00:00,2026-05-25 19:12:33 EDT,manual,PFG,103.85,11.846823128443932,22.432884736,-0.4718992555856044
2026-05-25T23:12:33+00:00,2026-05-25 19:12:33 EDT,manual,PH,866.96,23.792762302782073,109.311860736,-0.7823405242341983
2026-05-25T23:12:33+00:00,2026-05-25 19:12:33 EDT,manual,ROL,53.46,6.411548033692661,25.739046912,-0.750901886320294
2026-05-25T23:12:33+00:00,2026-05-25 19:12:33 EDT,manual,STX,812.73,22.874545596658923,182.237626368,-0.8744795679544937
2026-05-25T23:12:33+00:00,2026-05-25 19:12:33 EDT,manual,TEL,202.78,32.608529331594426,59.190632448,-0.44909307464755366
2026-05-25T23:12:33+00:00,2026-05-25 19:12:33 EDT,manual,TSCO,31.62,2.071282664334007,16.58309632,-0.875096747654059
2026-05-25T23:12:33+00:00,2026-05-25 19:12:33 EDT,manual,UHS,157.8,7.736584271759755,9.552636928,-0.1901100889658187
2026-05-25T23:12:33+00:00,2026-05-25 19:12:33 EDT,manual,WDC,484.28,30.73077866571774,166.922665984,-0.8158981077580958
2026-05-25T23:12:33+00:00,2026-05-25 19:12:33 EDT,manual,WY,23.66,,17.059868672,
2026-05-25T23:12:33+00:00,2026-05-25 19:12:33 EDT,manual,ZBH,85.5,12.422537127049663,16.541041664,-0.24898701185874347
